ID::ID!!I,Area::Area!!R,Circularity::Circularity!!R,Diameter::Diameter!!R,EllipseMajor::Ellipse Major!!R,EllipseMinor::Ellipse Minor!!R,Perimeter::Perimeter!!R,Radius::Radius!!R,FeretMax::Feret Maximum!!R,FeretMin::Feret Minimum!!R
,"µm²",,"µm","µm","µm","µm","µm","µm","µm"
2,0.11695578231293,0.85454109350083,0.38589211837799,0.20095806309862,0.18792983166376,1.3220693317757,0.192946059189,0.45157818776987,0.38333333333333
3,0.35686507936508,0.8660706873223,0.67407323873795,0.36030514303791,0.31771257169603,2.3343585498888,0.33703661936898,0.77831203457773,0.66416469496398
4,0.24590702947846,0.87617846940557,0.55955210147075,0.28987459850428,0.27180278052955,1.8696883793948,0.27977605073537,0.63862799761602,0.54761904761905
5,0.49481292517007,0.87089798197545,0.79373508400008,0.42472394351954,0.37263134441215,2.6629299784602,0.39686754200004,0.91139846506437,0.76666666666667
6,0.36286281179138,0.81140943504856,0.67971411732182,0.4043288805512,0.28698772459534,2.2889923025813,0.33985705866091,0.83769560466245,0.54761904761905
7,0.36286281179138,0.79463025130722,0.67971411732182,0.40486533724992,0.28870755137779,2.4118035783045,0.33985705866091,0.8553841440137,0.63687607801739
8,0.46482426303855,0.63789715819593,0.76930659236293,0.59567008812613,0.26003728184834,3.0955213678461,0.38465329618146,1.2060041065846,0.57954825942892
9,0.71373015873016,0.65889472286076,0.95328351625597,0.68249471270072,0.33876643572519,3.611061634357,0.47664175812798,1.446791851841,0.76634427062291
