ID::ID!!I,Area::Area!!R,Circularity::Circularity!!R,Diameter::Diameter!!R,EllipseMajor::Ellipse Major!!R,EllipseMinor::Ellipse Minor!!R,Perimeter::Perimeter!!R,Radius::Radius!!R,FeretMax::Feret Maximum!!R,FeretMin::Feret Minimum!!R
,"µm²",,"µm","µm","µm","µm","µm","µm","µm"
2,0.77070861678005,0.73242266333056,0.99060420368202,0.64826530021431,0.3808941073067,3.5656953870495,0.49530210184101,1.3525034836817,0.82363044305457
3,0.53979591836735,0.77973605697581,0.8290292572352,0.51671142315145,0.33733366216393,2.9727100921229,0.4145146286176,1.0632178027659,0.71988482873983
4,0.11095804988662,0.80336631218419,0.37586723310545,0.20559364818082,0.1749286135618,1.2899905506676,0.18793361655272,0.46786531549168,0.38333333333333
5,0.27589569160998,0.83009077339469,0.59268988921685,0.32829720635719,0.26947940749517,2.0378659024255,0.29634494460842,0.71400611621428,0.58083771311752
6,0.28189342403628,0.83906498851173,0.59909753369864,0.3265837310213,0.27657110698139,2.0245784362261,0.29954876684932,0.71400611621428,0.58828989542005
