ID::ID!!I,Area::Area!!R,Circularity::Circularity!!R,Diameter::Diameter!!R,EllipseMajor::Ellipse Major!!R,EllipseMinor::Ellipse Minor!!R,Perimeter::Perimeter!!R,Radius::Radius!!R,FeretMax::Feret Maximum!!R,FeretMin::Feret Minimum!!R
,"µm²",,"µm","µm","µm","µm","µm","µm","µm"
2,0.60577097505669,0.90074832396503,0.87823206528511,0.44661283528579,0.43353048766419,3.0047888732311,0.43911603264256,0.97500271931587,0.87619047619048
3,0.09296485260771,0.60176191832992,0.34404436721245,0.27919595897372,0.11249324385119,1.386226893992,0.17202218360622,0.57172838083087,0.27380952380952
4,0.60577097505669,0.7172115989526,0.87823206528511,0.59973732277312,0.32593984871268,3.3012815206943,0.43911603264256,1.2245090104059,0.7117262410079
5,0.083968253968254,0.57190365131073,0.32697354855515,0.27849939599422,0.10814494494884,1.4769593886071,0.16348677427757,0.57172838083087,0.27380952380952
6,0.47681972789116,0.71681433686663,0.77916990012505,0.45197011863099,0.34035650272689,3.0180763394304,0.38958495006253,1.0869898383046,0.74446066357282
