ID::ID!!I,Area::Area!!R,Circularity::Circularity!!R,Diameter::Diameter!!R,EllipseMajor::Ellipse Major!!R,EllipseMinor::Ellipse Minor!!R,Perimeter::Perimeter!!R,Radius::Radius!!R,FeretMax::Feret Maximum!!R,FeretMin::Feret Minimum!!R
,"µm²",,"µm","µm","µm","µm","µm","µm","µm"
2,0.23990929705215,0.79788743163095,0.55268617149013,0.33233979493146,0.23270453899541,1.992499655118,0.27634308574507,0.69268689990566,0.49285714285714
3,0.15893990929705,0.8659110903602,0.44985395158165,0.24406016036571,0.21050546429141,1.5411169508234,0.22492697579083,0.51951517492924,0.43809523809524
4,0.23990929705215,0.70492672706947,0.55268617149013,0.37376016432713,0.20932326995113,2.0566572173343,0.27634308574507,0.78403350343626,0.43809523809524
5,0.51280612244898,0.69950226528085,0.80803776761012,0.55164740381102,0.29755534793322,2.9727100921229,0.40401888380506,1.1551610448119,0.63753304104889
6,0.35086734693878,0.89735762286442,0.66838475527107,0.35129095081851,0.31979009130041,2.2569135214731,0.33419237763553,0.7448365492651,0.65714285714286
7,0.41084467120181,0.80081267146688,0.72325906984833,0.43807403848892,0.30025374450298,2.5080399216289,0.36162953492416,0.90315637553974,0.60238095238095
