ID::ID!!I,Area::Area!!R,Circularity::Circularity!!R,Diameter::Diameter!!R,EllipseMajor::Ellipse Major!!R,EllipseMinor::Ellipse Minor!!R,Perimeter::Perimeter!!R,Radius::Radius!!R,FeretMax::Feret Maximum!!R,FeretMin::Feret Minimum!!R
,"µm²",,"µm","µm","µm","µm","µm","µm","µm"
2,0.13195011337869,0.87607057268956,0.40988303488438,0.21062211668878,0.20210494062265,1.3674355790833,0.20494151744219,0.46786531549168,0.42594765628618
3,0.44083333333333,0.88130108344491,0.74919051825114,0.39744613977547,0.35558805765167,2.5346148540277,0.37459525912557,0.8500959913979,0.73572776994886
4,0.41084467120181,0.77559675557084,0.72325906984833,0.45316532211773,0.29109541543964,2.5666936351358,0.36162953492416,0.93251946279225,0.60786208440884
5,0.32387755102041,0.75073089190655,0.64216330135812,0.40350181324782,0.25923575303386,2.2569135214731,0.32108165067906,0.8553841440137,0.5470139160305
6,0.12295351473923,0.83992547065713,0.39566308537715,0.21668801303932,0.18291630565736,1.3220693317757,0.19783154268857,0.47106927840585,0.38333333333333
7,0.76770975056689,0.85204458503288,0.98867507974083,0.56045445557037,0.43779973467899,3.4240927964175,0.49433753987042,1.1603560390008,0.92679863558299
8,0.75571428571429,0.86889258887426,0.98092064566545,0.5356531228979,0.45067987575203,3.3466477680019,0.49046032283272,1.1289319971486,0.92978875090868
