ID::ID!!I,Area::Area!!R,Circularity::Circularity!!R,Diameter::Diameter!!R,EllipseMajor::Ellipse Major!!R,EllipseMinor::Ellipse Minor!!R,Perimeter::Perimeter!!R,Radius::Radius!!R,FeretMax::Feret Maximum!!R,FeretMin::Feret Minimum!!R
,"µm²",,"µm","µm","µm","µm","µm","µm","µm"
2,0.20992063492064,0.82800504845336,0.51699057403096,0.27706957720317,0.24300095933692,1.7147983225635,0.25849528701548,0.62438094429093,0.49285714285714
3,0.2309126984127,0.86841902114744,0.54222428846424,0.2874513173065,0.25831141381811,1.8829758455942,0.27111214423212,0.62438094429093,0.54761904761905
4,0.55179138321996,0.87499043025655,0.83819007961188,0.44978603300386,0.39222851197492,2.8952650637072,0.41909503980594,0.95794199642403,0.82142857142857
5,0.27889455782313,0.63683105408616,0.59590232406984,0.47359900217457,0.19122723494198,2.30778361749,0.29795116203492,0.93573063098336,0.38333333333333
6,0.17393424036281,0.85936033941546,0.4705953176705,0.24425421045443,0.228529518999,1.527829484624,0.23529765883525,0.54761116621999,0.43809523809524
7,0.059977324263039,0.53192495442063,0.27634308574507,0.24873614962315,0.083062629955008,1.1992580560525,0.13817154287253,0.51951517492924,0.19347164520085
8,0.15893990929705,0.8659110903602,0.44985395158165,0.24234991738548,0.21089348798834,1.5090381697152,0.22492697579083,0.51951517492924,0.43809523809524
