ID::ID!!I,Area::Area!!R,Circularity::Circularity!!R,Diameter::Diameter!!R,EllipseMajor::Ellipse Major!!R,EllipseMinor::Ellipse Minor!!R,Perimeter::Perimeter!!R,Radius::Radius!!R,FeretMax::Feret Maximum!!R,FeretMin::Feret Minimum!!R
,"µm²",,"µm","µm","µm","µm","µm","µm","µm"
2,0.13195011337869,0.69197229124022,0.40988303488438,0.27122202370113,0.15914398000647,1.4957507035158,0.20494151744219,0.59234024262698,0.36398580256066
3,0.086967120181406,0.79794387205204,0.33276114031945,0.18734545570189,0.15309625492664,1.1671792749444,0.16638057015973,0.4170232418274,0.32857142857143
4,0.38385487528345,0.77838506790021,0.69909885327489,0.41803751198097,0.29456360712674,2.4118035783045,0.34954942663745,0.8981401135569,0.61956022732536
5,0.38385487528345,0.8587453504947,0.69909885327489,0.36154790002504,0.34105476859854,2.4759611405208,0.34954942663745,0.81409331983243,0.70364135701969
6,0.28189342403628,0.67847731412188,0.59909753369864,0.4119352476809,0.21970386648433,2.1473897119493,0.29954876684932,0.88300304406497,0.49013208567813
7,0.12595238095238,0.65409188583388,0.40045917667363,0.28950400414493,0.14345255283217,1.5731957319315,0.20022958833681,0.61223688192232,0.32857142857143
8,0.14694444444444,0.83727026787051,0.43254534738661,0.23738282282904,0.1999274039223,1.4636719224077,0.21627267369331,0.5166137673642,0.43809523809524
9,0.18592970521542,0.7378824853658,0.48655221016991,0.31461074730314,0.19371468869168,1.7922433509791,0.24327610508496,0.65938983485792,0.43797971550454
