ID::ID!!I,Area::Area!!R,Circularity::Circularity!!R,Diameter::Diameter!!R,EllipseMajor::Ellipse Major!!R,EllipseMinor::Ellipse Minor!!R,Perimeter::Perimeter!!R,Radius::Radius!!R,FeretMax::Feret Maximum!!R,FeretMin::Feret Minimum!!R
,"µm²",,"µm","µm","µm","µm","µm","µm","µm"
2,0.068973922902494,0.80670413499089,0.29634494460842,0.16248987696941,0.13745518256515,0.98021043700492,0.14817247230421,0.36735270312178,0.27380952380952
3,0.074971655328798,0.66490380066906,0.30896096241901,0.19864591101146,0.12402967218225,1.1218130276369,0.15448048120951,0.46467017049402,0.29414494771003
4,0.10496031746032,0.8280096952416,0.36556754070682,0.20197382693035,0.16838563161113,1.2313368371607,0.18278377035341,0.44150152203248,0.32857142857143
5,0.27289682539683,0.7290369694821,0.589459947518,0.3777275424854,0.23145853478309,2.0566572173343,0.294729973759,0.80854603016463,0.49285714285714
6,0.29089002267574,0.75268753333718,0.60858251703418,0.37386958591422,0.25043274026643,2.1020234646418,0.30429125851709,0.80854603016463,0.54211519890969
7,0.083968253968254,0.7840655286318,0.32697354855515,0.188222445046,0.14433917635217,1.0897342465287,0.16348677427757,0.4170232418274,0.27380952380952
8,0.38985260770975,0.75552245442756,0.70453939333027,0.43956450717133,0.28385589093742,2.4438823594126,0.35226969666513,0.93251946279225,0.61956022732536
