ID::ID!!I,Area::Area!!R,Circularity::Circularity!!R,Diameter::Diameter!!R,EllipseMajor::Ellipse Major!!R,EllipseMinor::Ellipse Minor!!R,Perimeter::Perimeter!!R,Radius::Radius!!R,FeretMax::Feret Maximum!!R,FeretMin::Feret Minimum!!R
,"µm²",,"µm","µm","µm","µm","µm","µm","µm"
2,0.11395691609977,0.77768447064147,0.3809126566213,0.22765200574324,0.16083668312789,1.2767030844682,0.19045632831065,0.48980360416238,0.32857142857143
3,0.42883786848073,0.79373282144685,0.73892714960921,0.41703273652045,0.33026701376347,2.5534061689364,0.36946357480461,0.93095198994325,0.69700525574103
4,0.37785714285714,0.87823128133224,0.69361564035592,0.3677200014683,0.3286119323697,2.366437330997,0.34680782017796,0.78978699016931,0.69700525574103
5,0.47681972789116,0.91090056505954,0.77916990012505,0.39889454089377,0.38175574545482,2.6308511973521,0.38958495006253,0.8553841440137,0.76666666666667
6,0.11695578231293,0.74279277488006,0.38589211837799,0.23674667203672,0.16016289267083,1.3541481128839,0.192946059189,0.51951517492924,0.32857142857143
7,0.20392290249433,0.83225434613911,0.50955147289843,0.28378101570576,0.23042145032047,1.6827195414553,0.25477573644921,0.61225450520297,0.43809523809524
8,0.33287414965986,0.6475951526988,0.65102114463897,0.4852634716763,0.22077908591473,2.4438823594126,0.32551057231948,1.0052903298085,0.49046056719388
