ID::ID!!I,Area::Area!!R,Circularity::Circularity!!R,Diameter::Diameter!!R,EllipseMajor::Ellipse Major!!R,EllipseMinor::Ellipse Minor!!R,Perimeter::Perimeter!!R,Radius::Radius!!R,FeretMax::Feret Maximum!!R,FeretMin::Feret Minimum!!R
,"µm²",,"µm","µm","µm","µm","µm","µm","µm"
2,0.60277210884354,0.7450947587201,0.87605552646108,0.5345527576174,0.3666226529002,3.5148252910326,0.43802776323054,1.1757639095005,0.79349391501382
3,0.27589569160998,0.8112347488225,0.59268988921685,0.34803084355508,0.25353315566193,2.0245784362261,0.29634494460842,0.73060219631511,0.49285714285714
4,0.32387755102041,0.67929839598338,0.64216330135812,0.38085276587984,0.27534646099974,2.4759611405208,0.32108165067906,0.94533316309175,0.54761904761905
5,0.17393424036281,0.83470141865154,0.4705953176705,0.25560426124416,0.22041874609766,1.6506407603472,0.23529765883525,0.56378880777602,0.49149636018255
6,0.17393424036281,0.83470141865154,0.4705953176705,0.26326785386926,0.21329226325236,1.5864831981309,0.23529765883525,0.56378880777602,0.46467017049402
7,0.41384353741497,0.49230667232039,0.72589390214399,0.68664787313351,0.20057296387256,3.4053014815088,0.36294695107199,1.4744750436199,0.49226244611336
8,0.15893990929705,0.75945194874248,0.44985395158165,0.26538702746101,0.19373087694591,1.527829484624,0.22492697579083,0.59234024262698,0.38333333333333
9,0.18293083900227,0.57611911610142,0.48261245132018,0.41099741624717,0.15150535288068,2.1020234646418,0.24130622566009,0.83769560466245,0.36528417318702
