ID::ID!!I,Area::Area!!R,Circularity::Circularity!!R,Diameter::Diameter!!R,EllipseMajor::Ellipse Major!!R,EllipseMinor::Ellipse Minor!!R,Perimeter::Perimeter!!R,Radius::Radius!!R,FeretMax::Feret Maximum!!R,FeretMin::Feret Minimum!!R
,"µm²",,"µm","µm","µm","µm","µm","µm","µm"
2,0.35086734693878,0.876288948304,0.66838475527107,0.35289279780236,0.31865568446072,2.2569135214731,0.33419237763553,0.76274470488836,0.65714285714286
3,0.32387755102041,0.87895068560834,0.64216330135812,0.33892641738203,0.30606241283305,2.1927559592569,0.32108165067906,0.73060219631511,0.65714285714286
4,0.3808560090703,0.88170943863228,0.69636264374126,0.37264524276524,0.32660549359788,2.3343585498888,0.34818132187063,0.78978699016931,0.68611922364623
5,0.098962585034014,0.78606347782907,0.35496912079014,0.21225309688403,0.15163418912347,1.2313368371607,0.17748456039507,0.45157818776987,0.27380952380952
6,0.44982993197279,0.83489370701124,0.75679670836578,0.40357057681897,0.35914061504791,2.7082962257678,0.37839835418289,0.90645875278539,0.75759703743623
7,0.38985260770975,0.76751832626269,0.70453939333027,0.4304873702749,0.29243429227042,2.5346148540277,0.35226969666513,0.91794471769932,0.63753304104889
8,0.75571428571429,0.75897912536505,0.98092064566545,0.60392202093581,0.40131244234115,3.4561715775257,0.49046032283272,1.2924211126276,0.88210636161433
