ID::ID!!I,Area::Area!!R,Circularity::Circularity!!R,Diameter::Diameter!!R,EllipseMajor::Ellipse Major!!R,EllipseMinor::Ellipse Minor!!R,Perimeter::Perimeter!!R,Radius::Radius!!R,FeretMax::Feret Maximum!!R,FeretMin::Feret Minimum!!R
,"µm²",,"µm","µm","µm","µm","µm","µm","µm"
2,0.52180272108844,0.80721885811532,0.81509500000933,0.49419139863842,0.33805934442489,2.8952650637072,0.40754750000467,1.0097571331676,0.71190476190476
3,0.13195011337869,0.74849283610065,0.40988303488438,0.25252512079368,0.16808974779552,1.386226893992,0.20494151744219,0.54761116621999,0.37978471955249
4,0.7797052154195,0.79789010702259,0.99636916527377,0.59324063766399,0.42072569419691,3.4561715775257,0.49818458263689,1.2487548805334,0.87619047619048
5,0.1619387755102,0.74164913636517,0.45407802501947,0.28328764402211,0.18687364389479,1.5864831981309,0.22703901250974,0.61225450520297,0.41659584875062
6,0.31488095238095,0.8301356273524,0.63318155410222,0.36634025680448,0.27484365254798,2.1020234646418,0.31659077705111,0.76274470488836,0.54761904761905
7,0.29688775510204,0.80606859462441,0.61482455232657,0.35987961646721,0.2645596600349,2.0832321497331,0.30741227616329,0.76274470488836,0.54211519890969
8,0.14094671201814,0.85433589179681,0.42362592867044,0.2177877206358,0.20904612680711,1.4448806074989,0.21181296433522,0.49585406950361,0.42594765628618
