ID::ID!!I,Area::Area!!R,Circularity::Circularity!!R,Diameter::Diameter!!R,EllipseMajor::Ellipse Major!!R,EllipseMinor::Ellipse Minor!!R,Perimeter::Perimeter!!R,Radius::Radius!!R,FeretMax::Feret Maximum!!R,FeretMin::Feret Minimum!!R
,"µm²",,"µm","µm","µm","µm","µm","µm","µm"
2,0.67174603174603,0.7840655286318,0.9248208538079,0.57656666970726,0.37252881954123,3.1917577111705,0.46241042690395,1.1795198488342,0.80857012468682
3,0.28489229024943,0.79171503082597,0.60227579225447,0.35455681592204,0.25759447450953,2.0566572173343,0.30113789612723,0.76072294803615,0.54761904761905
4,0.059977324263039,0.62591649621705,0.27634308574507,0.2246551296961,0.0915335669204,1.0897342465287,0.13817154287253,0.44150152203248,0.22126567381402
5,0.1619387755102,0.72724924978954,0.45407802501947,0.29469054889942,0.18142869714425,1.6960070076547,0.22703901250974,0.6243774402667,0.41513855759659
6,0.31488095238095,0.66098109955078,0.63318155410222,0.44192528257714,0.22917002012029,2.3210710836894,0.31659077705111,0.95794199642403,0.50480241765344
7,0.57878117913832,0.85266083288687,0.85844457306652,0.48231228659929,0.38367161598313,2.9085525299066,0.42922228653326,1.0067831662445,0.80857012468682
8,0.43183673469388,0.88713157909775,0.74150630980562,0.3994031892812,0.34625993886359,2.5080399216289,0.37075315490281,0.83584704600389,0.65714285714286
