ID::ID!!I,Area::Area!!R,Circularity::Circularity!!R,Diameter::Diameter!!R,EllipseMajor::Ellipse Major!!R,EllipseMinor::Ellipse Minor!!R,Perimeter::Perimeter!!R,Radius::Radius!!R,FeretMax::Feret Maximum!!R,FeretMin::Feret Minimum!!R
,"µm²",,"µm","µm","µm","µm","µm","µm","µm"
2,0.3808560090703,0.77103219619648,0.69636264374126,0.4337502317963,0.28114531281542,2.4438823594126,0.34818132187063,0.90315637553974,0.59773787838957
3,0.52780045351474,0.79675511651884,0.81976606976876,0.49593897321392,0.34144029178755,2.8952650637072,0.40988303488438,1.0288808352439,0.71074079646065
4,0.68973922902494,0.76151256898563,0.93712499803906,0.60339119868855,0.36609157490665,3.37872654911,0.46856249901953,1.23061002038,0.77442009225167
