ID::ID!!I,Area::Area!!R,Circularity::Circularity!!R,Diameter::Diameter!!R,EllipseMajor::Ellipse Major!!R,EllipseMinor::Ellipse Minor!!R,Perimeter::Perimeter!!R,Radius::Radius!!R,FeretMax::Feret Maximum!!R,FeretMin::Feret Minimum!!R
,"µm²",,"µm","µm","µm","µm","µm","µm","µm"
2,0.44383219954649,0.68296070867999,0.75173446621089,0.5408520430282,0.27824931250463,2.9727100921229,0.37586723310545,1.100699435058,0.60074877509454
3,0.23990929705215,0.86227451282878,0.55268617149013,0.29733561529586,0.25880634061333,1.850897064486,0.27634308574507,0.64096313096045,0.54461711928606
4,0.28789115646259,0.79376148115147,0.60543736669263,0.35020954082925,0.26345197590981,2.0832321497331,0.30271868334631,0.76274470488836,0.54761904761905
5,0.22791383219955,0.68707480843826,0.53869184507341,0.37545455866045,0.19482999312165,1.9471334078105,0.26934592253671,0.78403667032688,0.43316158394832
6,0.18293083900227,0.85601637468459,0.48261245132018,0.26236105708458,0.22500453134145,1.6827195414553,0.24130622566009,0.56378880777602,0.46798174614943
7,0.37785714285714,0.8010956825939,0.69361564035592,0.40338521230649,0.30080610767965,2.3985161121051,0.34680782017796,0.86583370179957,0.65714285714286
8,0.095963718820862,0.7420340121104,0.34954942663745,0.20231284465278,0.16078089537034,1.3541481128839,0.17477471331872,0.47106927840585,0.36398580256066
9,0.22191609977324,0.86819538964952,0.53155653870937,0.2836397743335,0.2512241119798,1.760164569871,0.26577826935469,0.61225450520297,0.49285714285714
