ID::ID!!I,Area::Area!!R,Circularity::Circularity!!R,Diameter::Diameter!!R,EllipseMajor::Ellipse Major!!R,EllipseMinor::Ellipse Minor!!R,Perimeter::Perimeter!!R,Radius::Radius!!R,FeretMax::Feret Maximum!!R,FeretMin::Feret Minimum!!R
,"µm²",,"µm","µm","µm","µm","µm","µm","µm"
2,0.19792517006803,0.78319972022859,0.50200214484506,0.3000440177041,0.21156327542002,1.6960070076547,0.25100107242253,0.64096313096045,0.43809523809524
3,0.75271541950113,0.67521440371592,0.97897243987804,0.72817927329654,0.33372159938291,3.7393767587896,0.48948621993902,1.4498690112214,0.65714285714286
4,0.11695578231293,0.81918336870511,0.38589211837799,0.22195783512201,0.16925808706474,1.2767030844682,0.192946059189,0.47106927840585,0.32857142857143
5,0.26989795918367,0.86542740617902,0.58621220959305,0.3040769701717,0.28512755418786,2.0057871213174,0.29310610479653,0.67736728165481,0.60238095238095
6,0.10496031746032,0.8280096952416,0.36556754070682,0.20860160120902,0.16358716214829,1.2446243033601,0.18278377035341,0.44150152203248,0.34338809333887
