ID::ID!!I,Area::Area!!R,Circularity::Circularity!!R,Diameter::Diameter!!R,EllipseMajor::Ellipse Major!!R,EllipseMinor::Ellipse Minor!!R,Perimeter::Perimeter!!R,Radius::Radius!!R,FeretMax::Feret Maximum!!R,FeretMin::Feret Minimum!!R
,"µm²",,"µm","µm","µm","µm","µm","µm","µm"
2,0.1559410430839,0.82194677025023,0.44558983684738,0.24489954769971,0.20473993681494,1.5090381697152,0.22279491842369,0.54211519890969,0.42594765628618
3,0.065975056689342,0.82662029030983,0.28983107346007,0.15780560796045,0.13604720532746,0.98021043700492,0.14491553673003,0.35062177502495,0.27380952380952
4,0.6237641723356,0.69456487663589,0.89117967369475,0.62589447403944,0.31865551875359,3.1729663962618,0.44558983684738,1.2830762160206,0.65828274153319
5,0.44083333333333,0.65073275393609,0.74919051825114,0.57258788468774,0.2476621784875,2.8631862825991,0.37459525912557,1.1513029177024,0.53904674979122
6,0.47082199546485,0.7320691319437,0.77425395262599,0.50266334718449,0.30175656288583,2.8631862825991,0.387126976313,1.057624094285,0.64032347793295
7,0.1559410430839,0.82194677025023,0.44558983684738,0.23857466773326,0.21172136388912,1.5731957319315,0.22279491842369,0.54211519890969,0.43809523809524
