ID::ID!!I,Area::Area!!R,Circularity::Circularity!!R,Diameter::Diameter!!R,EllipseMajor::Ellipse Major!!R,EllipseMinor::Ellipse Minor!!R,Perimeter::Perimeter!!R,Radius::Radius!!R,FeretMax::Feret Maximum!!R,FeretMin::Feret Minimum!!R
,"µm²",,"µm","µm","µm","µm","µm","µm","µm"
2,0.15294217687075,0.80583550388843,0.44128452006582,0.2569714336083,0.19261923496144,1.5090381697152,0.22064226003291,0.54761116621999,0.42594765628618
3,0.36886054421769,0.89847698995562,0.68530856655268,0.35421680075129,0.33304307863268,2.2569135214731,0.34265428327634,0.76274470488836,0.65714285714286
4,0.74671768707483,0.81528710152764,0.97506435066453,0.58838943184138,0.40563541856761,3.3466477680019,0.48753217533227,1.1959766674065,0.8368330297454
5,0.48881519274376,0.8594307334478,0.78890990199686,0.43144872239037,0.36289129051907,2.689504910859,0.39445495099843,0.91794471769932,0.75965546057374
