ID::ID!!I,Area::Area!!R,Circularity::Circularity!!R,Diameter::Diameter!!R,EllipseMajor::Ellipse Major!!R,EllipseMinor::Ellipse Minor!!R,Perimeter::Perimeter!!R,Radius::Radius!!R,FeretMax::Feret Maximum!!R,FeretMin::Feret Minimum!!R
,"µm²",,"µm","µm","µm","µm","µm","µm","µm"
2,0.19192743764172,0.67283776010018,0.49433753987042,0.34109395267263,0.18107209186659,1.760164569871,0.24716876993521,0.73470540624357,0.38333333333333
3,0.32987528344671,0.82057819426668,0.64808198224845,0.37424577249773,0.2862583540795,2.2569135214731,0.32404099112422,0.78978699016931,0.60591731187008
4,0.12895124716553,0.82726729662862,0.40519850349437,0.218793933048,0.19022906955656,1.3541481128839,0.20259925174718,0.48980360416238,0.38333333333333
5,0.19192743764172,0.79172425806782,0.49433753987042,0.29866341324635,0.20610495594086,1.6639282265466,0.24716876993521,0.62438094429093,0.42594765628618
