ID::ID!!I,Area::Area!!R,Circularity::Circularity!!R,Diameter::Diameter!!R,EllipseMajor::Ellipse Major!!R,EllipseMinor::Ellipse Minor!!R,Perimeter::Perimeter!!R,Radius::Radius!!R,FeretMax::Feret Maximum!!R,FeretMin::Feret Minimum!!R
,"µm²",,"µm","µm","µm","µm","µm","µm","µm"
2,0.30888321995465,0.87831497076309,0.62712226108741,0.32189045946443,0.3100135776366,2.2115472741656,0.31356113054371,0.71400611621428,0.65714285714286
3,0.27289682539683,0.71603189554887,0.589459947518,0.38097536818889,0.23471567169498,2.3343585498888,0.294729973759,0.82323141075462,0.52304991842966
4,0.44083333333333,0.86525732575937,0.74919051825114,0.40518795649133,0.34928275494233,2.5534061689364,0.37459525912557,0.86585862488207,0.71190476190476
5,0.44683106575964,0.83210607416378,0.75426983417165,0.40570457382226,0.35470020120109,2.7403750068759,0.37713491708583,0.90645875278539,0.76666666666667
6,0.34786848072562,0.84266047544824,0.6655222806389,0.35109421726643,0.3174837348433,2.2303385890744,0.33276114031945,0.78978699016931,0.60238095238095
7,0.17093537414966,0.82747443051481,0.46652082264509,0.26009210899483,0.21136195820655,1.5731957319315,0.23326041132254,0.56378880777602,0.43809523809524
8,0.086967120181406,0.75370326876239,0.33276114031945,0.20075187494901,0.14154499181368,1.1671792749444,0.16638057015973,0.44150152203248,0.32857142857143
