ID::ID!!I,Area::Area!!R,Circularity::Circularity!!R,Diameter::Diameter!!R,EllipseMajor::Ellipse Major!!R,EllipseMinor::Ellipse Minor!!R,Perimeter::Perimeter!!R,Radius::Radius!!R,FeretMax::Feret Maximum!!R,FeretMin::Feret Minimum!!R
,"µm²",,"µm","µm","µm","µm","µm","µm","µm"
2,0.29388888888889,0.73342614423,0.61171149661553,0.39273074236614,0.24011826587218,2.1794684930575,0.30585574830777,0.8340464836548,0.51541062152405
3,0.19192743764172,0.83454998376958,0.49433753987042,0.27873592241682,0.2205969503843,1.618561979239,0.24716876993521,0.59234024262698,0.46467017049402
4,0.36286281179138,0.6644085823609,0.67971411732182,0.49129718023462,0.23772953436422,2.5534061689364,0.33985705866091,1.0230363294022,0.51368771975946
5,0.74671768707483,0.80197713537326,0.97506435066453,0.58645200487341,0.40655405088611,3.3466477680019,0.48753217533227,1.2158256235207,0.8667877109112
6,0.38985260770975,0.73671480382677,0.70453939333027,0.46154899259838,0.27077961422388,2.5080399216289,0.35226969666513,0.95632582604642,0.54761904761905
7,0.13794784580499,0.80670413499089,0.41909503980594,0.25047897003008,0.17747153600171,1.4315931412996,0.20954751990297,0.51951517492924,0.38333333333333
