ID::ID!!I,Area::Area!!R,Circularity::Circularity!!R,Diameter::Diameter!!R,EllipseMajor::Ellipse Major!!R,EllipseMinor::Ellipse Minor!!R,Perimeter::Perimeter!!R,Radius::Radius!!R,FeretMax::Feret Maximum!!R,FeretMin::Feret Minimum!!R
,"µm²",,"µm","µm","µm","µm","µm","µm","µm"
2,0.45582766439909,0.73320795041874,0.76182531324261,0.51228114447687,0.2846120596714,2.6496425122609,0.3809126566213,1.0390303498585,0.54761904761905
3,0.32087868480726,0.74570227593146,0.6391834091708,0.41220802315525,0.26238235103772,2.457169825612,0.3195917045854,0.85715630728416,0.59254677575183
4,0.3808560090703,0.88170943863228,0.69636264374126,0.37197797430958,0.32777803722069,2.3210710836894,0.34818132187063,0.78978699016931,0.65714285714286
5,0.32687641723356,0.75889009702027,0.64512942938849,0.38955037653743,0.2717957605922,2.4250910445039,0.32256471469425,0.8500959913979,0.61071639809424
6,0.51580498866213,0.85726074005306,0.81039700698873,0.44411941098331,0.37270506424635,2.7857412541834,0.40519850349437,0.94533316309175,0.76666666666667
7,0.16793650793651,0.89008069295941,0.46241042690395,0.2364561160936,0.23042026680715,1.5864831981309,0.23120521345198,0.51951517492924,0.49285714285714
8,0.39585034013605,0.89040814205822,0.70993824158027,0.38273228941534,0.33101053971451,2.3476460160882,0.35496912079014,0.79731777827101,0.65828274153319
9,0.20392290249433,0.7622863894284,0.50955147289843,0.30322429312591,0.21611431270566,1.760164569871,0.25477573644921,0.66845149010271,0.4851595557427
