ID::ID!!I,Area::Area!!R,Circularity::Circularity!!R,Diameter::Diameter!!R,EllipseMajor::Ellipse Major!!R,EllipseMinor::Ellipse Minor!!R,Perimeter::Perimeter!!R,Radius::Radius!!R,FeretMax::Feret Maximum!!R,FeretMin::Feret Minimum!!R
,"µm²",,"µm","µm","µm","µm","µm","µm","µm"
2,0.083968253968254,0.82800439264024,0.32697354855515,0.18342827241999,0.14804608945663,1.0897342465287,0.16348677427757,0.39489349508465,0.31876652052445
3,0.068973922902494,0.80670413499089,0.29634494460842,0.17141366983752,0.13045395239911,0.98021043700492,0.14817247230421,0.36735270312178,0.27380952380952
4,0.14694444444444,0.69276261359131,0.43254534738661,0.28998905327576,0.16454714377258,1.6318494454384,0.21627267369331,0.6243774402667,0.36768118463753
5,0.10795918367347,0.7569424801127,0.37075315490281,0.2310400492163,0.15049299189808,1.2446243033601,0.18537657745141,0.48980360416238,0.32857142857143
6,0.15893990929705,0.79791217097089,0.44985395158165,0.26550318816826,0.19383783048004,1.5411169508234,0.22492697579083,0.56378880777602,0.41692433026637
7,0.58777777777778,0.69683320105241,0.86509069477323,0.59032359926019,0.31836634276403,3.1276001489543,0.43254534738661,1.2414602138169,0.65828274153319
