ID::ID!!I,Area::Area!!R,Circularity::Circularity!!R,Diameter::Diameter!!R,EllipseMajor::Ellipse Major!!R,EllipseMinor::Ellipse Minor!!R,Perimeter::Perimeter!!R,Radius::Radius!!R,FeretMax::Feret Maximum!!R,FeretMin::Feret Minimum!!R
,"µm²",,"µm","µm","µm","µm","µm","µm","µm"
2,0.74371882086168,0.56619786391551,0.97310442033982,0.86221253865576,0.290635863701,4.5591932902538,0.48655221016991,1.7186649444602,0.71360576580328
3,0.96263605442177,0.73629127661017,1.1070981400389,0.73722088399716,0.41783296060286,4.0812356535604,0.55354907001946,1.5036143645975,0.92110198547916
4,1.7633333333333,0.53976135244384,1.4983810365023,1.46599949706,0.42666861757321,7.1258869253896,0.74919051825114,2.7760065253249,1.0628290651905
5,0.76171201814059,0.78119645849449,0.98480549510887,0.58860131571148,0.41952697875334,3.6431404154652,0.49240274755444,1.2606374291645,0.83913137682742
6,0.72872448979592,0.75347201147421,0.96324495203719,0.59516257687354,0.39951206884486,3.6298529492658,0.48162247601859,1.2784084045173,0.79612385904111
