ID::ID!!I,Area::Area!!R,Circularity::Circularity!!R,Diameter::Diameter!!R,EllipseMajor::Ellipse Major!!R,EllipseMinor::Ellipse Minor!!R,Perimeter::Perimeter!!R,Radius::Radius!!R,FeretMax::Feret Maximum!!R,FeretMin::Feret Minimum!!R
,"µm²",,"µm","µm","µm","µm","µm","µm","µm"
2,0.10196145124717,0.81609526551884,0.36030730185007,0.20261561246778,0.1627146157838,1.2125455222519,0.18015365092504,0.44150152203248,0.34850262787051
3,0.35086734693878,0.90973164154108,0.66838475527107,0.34441439432769,0.32570013853975,2.224834740365,0.33419237763553,0.73470540624357,0.65714285714286
4,0.52780045351474,0.83036674948826,0.81976606976876,0.45275829075759,0.37294574961575,2.772453787984,0.40988303488438,0.98723373771164,0.80510229882632
5,0.23391156462585,0.61804301932043,0.54573386742304,0.41265653095875,0.18226736584099,2.0699446835337,0.27286693371152,0.88300304406497,0.41692433026637
6,0.074971655328798,0.78239060978398,0.30896096241901,0.17831552111752,0.13586215621181,1.0122892181131,0.15448048120951,0.39489349508465,0.27380952380952
7,0.22191609977324,0.83234142676747,0.53155653870937,0.29665011231007,0.23925811858002,1.7280857887628,0.26577826935469,0.63862799761602,0.49285714285714
8,0.21591836734694,0.73651043707016,0.52432413995617,0.34793206381874,0.20115867932437,1.8962633117936,0.26216206997808,0.71190320403595,0.41725281178212
9,0.11995464852608,0.77406554060722,0.3908081397287,0.21926747268415,0.17693514238441,1.3408606466845,0.19540406986435,0.5048773252742,0.38333333333333
